<?xml version="1.0" encoding="UTF-8"?>
<project-private xmlns="http://www.netbeans.org/ns/project-private/1">
    <editor-bookmarks xmlns="http://www.netbeans.org/ns/editor-bookmarks/2" lastBookmarkId="0"/>
    <open-files xmlns="http://www.netbeans.org/ns/projectui-open-files/2">
        <group>
            <file>file:/C:/Users/andre/OneDrive/Documentos/2doProgra/figuras/Examen2Ciclo/src/controladores/controladorPalabras.java</file>
            <file>file:/C:/Users/andre/OneDrive/Documentos/2doProgra/figuras/Examen2Ciclo/src/controladores/archivosCSV.java</file>
            <file>file:/C:/Users/andre/OneDrive/Documentos/2doProgra/figuras/Examen2Ciclo/src/examen2ciclo/pPuntuaciones.java</file>
            <file>file:/C:/Users/andre/OneDrive/Documentos/2doProgra/figuras/Examen2Ciclo/src/controladores/archivosPalabras.java</file>
            <file>file:/C:/Users/andre/OneDrive/Documentos/2doProgra/figuras/Examen2Ciclo/src/controladores/controlUsuario.java</file>
            <file>file:/C:/Users/andre/OneDrive/Documentos/2doProgra/figuras/Examen2Ciclo/src/examen2ciclo/pJuego.java</file>
            <file>file:/C:/Users/andre/OneDrive/Documentos/2doProgra/figuras/Examen2Ciclo/src/archivos/guarda.csv</file>
            <file>file:/C:/Users/andre/OneDrive/Documentos/2doProgra/figuras/Examen2Ciclo/src/modelo/Puntuaciones.java</file>
            <file>file:/C:/Users/andre/OneDrive/Documentos/2doProgra/figuras/Examen2Ciclo/src/controladores/controlJuego.java</file>
        </group>
    </open-files>
</project-private>
